order_id,order_no,order_date,year_month,customer_id,product_id,payment_id,location_id,amount,profit,quantity
1,B-26776,2023-06-27,2023-06,1,1,1,1,9726,1275,5
2,B-25714,2025-02-19,2025-02,140,1,1,1,6962,3429,12
3,B-26224,2023-12-13,2023-12,262,1,1,1,3953,1776,15
4,B-26554,2024-10-01,2024-10,284,1,1,1,3409,1605,20
5,B-26776,2023-06-27,2023-06,1,2,1,1,4975,1330,14
6,B-25400,2021-03-24,2021-03,122,2,1,1,7759,3741,17
7,B-25427,2020-04-04,2020-04,259,2,1,1,7702,60,19
8,B-25763,2022-01-18,2022-01,440,3,1,1,2349,319,4
9,B-26999,2024-02-19,2024-02,534,5,1,1,3756,1318,5
10,B-26739,2024-05-29,2024-05,792,5,1,1,2689,1330,3
11,B-25763,2022-01-18,2022-01,440,6,1,1,8220,3882,14
12,B-25763,2022-01-18,2022-01,440,7,1,1,7377,2049,4
13,B-25382,2020-12-21,2020-12,693,7,1,1,7019,2677,15
14,B-25465,2020-06-24,2020-06,442,8,1,1,508,177,17
15,B-26325,2022-10-06,2022-10,299,11,1,1,5449,2389,2
16,B-26835,2023-03-09,2023-03,672,11,1,1,5427,728,3
17,B-26347,2020-12-21,2020-12,111,12,1,1,8586,3826,7
18,B-26516,2021-11-11,2021-11,349,1,3,1,8590,3565,15
19,B-25427,2020-04-04,2020-04,259,2,3,1,9884,4446,7
20,B-26501,2020-09-26,2020-09,488,5,3,1,8851,3962,7
21,B-26454,2020-05-17,2020-05,62,8,3,1,9109,586,17
22,B-25662,2022-05-07,2022-05,660,8,3,1,5346,1246,17
23,B-26508,2024-02-25,2024-02,180,9,3,1,9894,3698,20
24,B-26508,2021-06-15,2021-06,181,9,3,1,9894,3698,20
25,B-25295,2024-01-28,2024-01,40,10,3,1,6800,167,16
26,B-25790,2021-02-14,2021-02,472,2,5,1,2792,1008,8
27,B-26643,2022-02-11,2022-02,592,2,5,1,5832,2588,10
28,B-25352,2023-04-17,2023-04,730,2,5,1,3333,700,18
29,B-26046,2022-12-05,2022-12,293,3,5,1,5024,1544,19
30,B-26661,2024-02-13,2024-02,675,3,5,1,2386,999,3
31,B-26224,2023-12-13,2023-12,262,4,5,1,5564,175,11
32,B-25326,2021-08-17,2021-08,53,5,5,1,5578,277,16
33,B-26516,2021-11-11,2021-11,349,5,5,1,6973,3038,10
34,B-25427,2020-04-04,2020-04,259,6,5,1,5035,2008,2
35,B-25298,2021-10-06,2021-10,714,7,5,1,8104,1039,6
36,B-25568,2022-03-25,2022-03,34,8,5,1,7811,1538,12
37,B-26643,2022-02-11,2022-02,592,9,5,1,7306,1547,3
38,B-26046,2022-12-05,2022-12,293,1,2,1,2565,983,20
39,B-26643,2022-02-11,2022-02,592,1,2,1,7344,2251,7
40,B-26942,2021-10-09,2021-10,5,3,2,1,1525,185,12
41,B-25006,2023-07-16,2023-07,505,3,2,1,5831,1574,17
42,B-25763,2022-01-18,2022-01,440,6,2,1,2379,279,7
43,B-26212,2024-06-25,2024-06,98,7,2,1,8850,279,13
44,B-25400,2021-03-24,2021-03,122,7,2,1,7521,3457,16
45,B-26961,2024-12-29,2024-12,631,8,2,1,5193,2530,5
46,B-25983,2024-05-19,2024-05,92,9,2,1,6517,1581,10
47,B-26212,2024-06-25,2024-06,98,9,2,1,8667,1266,6
48,B-26904,2024-01-05,2024-01,617,9,2,1,594,67,19
49,B-26195,2021-06-04,2021-06,255,10,2,1,874,235,15
50,B-25810,2021-11-27,2021-11,636,1,4,1,7144,192,13
51,B-26393,2024-02-07,2024-02,751,2,4,1,2258,135,18
52,B-25295,2024-01-28,2024-01,40,3,4,1,2025,528,1
53,B-26508,2024-02-25,2024-02,180,4,4,1,9204,3289,16
54,B-26508,2021-06-15,2021-06,181,4,4,1,9204,3289,16
55,B-25983,2024-05-19,2024-05,92,5,4,1,1166,349,11
56,B-26397,2024-09-21,2024-09,321,5,4,1,6200,2321,18
57,B-25465,2020-06-24,2020-06,442,5,4,1,717,158,16
58,B-25810,2021-11-27,2021-11,636,6,4,1,1894,275,5
59,B-25171,2022-03-20,2022-03,109,7,4,1,3234,1029,20
60,B-26906,2021-08-09,2021-08,356,7,4,1,3665,802,4
61,B-25456,2024-02-11,2024-02,384,8,4,1,5632,2358,20
62,B-25855,2022-08-28,2022-08,544,8,4,1,5263,1743,19
63,B-26554,2024-10-01,2024-10,284,9,4,1,7564,3463,5
64,B-26136,2021-06-13,2021-06,372,10,4,1,9144,2220,18
65,B-26757,2022-07-16,2022-07,230,11,4,1,6008,2498,17
66,B-25043,2022-11-07,2022-11,588,11,4,1,2727,663,8
67,B-26776,2024-12-27,2024-12,2,1,1,2,9726,1275,5
68,B-26224,2023-01-22,2023-01,260,1,1,2,3953,1776,15
69,B-26776,2024-12-27,2024-12,2,2,1,2,4975,1330,14
70,B-26586,2023-09-30,2023-09,310,2,1,2,2239,828,1
71,B-26523,2020-03-31,2020-03,172,3,1,2,8204,2382,6
72,B-25406,2020-10-28,2020-10,216,3,1,2,6016,431,20
73,B-25715,2023-04-05,2023-04,629,5,1,2,2586,800,16
74,B-26495,2024-12-28,2024-12,785,7,1,2,3451,658,3
75,B-25068,2024-10-26,2024-10,807,7,1,2,914,163,13
76,B-25916,2022-12-07,2022-12,83,8,1,2,5846,586,18
77,B-26043,2020-11-03,2020-11,200,9,1,2,8769,1989,20
78,B-25715,2023-04-05,2023-04,629,9,1,2,3757,1626,9
79,B-25953,2021-11-13,2021-11,348,10,1,2,6690,1001,19
80,B-26258,2024-10-21,2024-10,461,10,1,2,3224,1018,14
81,B-26279,2023-02-17,2023-02,624,10,1,2,3194,534,4
82,B-25916,2022-12-07,2022-12,83,11,1,2,6009,2107,7
83,B-26284,2023-08-23,2023-08,314,11,1,2,5152,2045,14
84,B-26159,2024-04-16,2024-04,547,11,1,2,7484,2871,15
85,B-26114,2023-06-01,2023-06,343,2,3,2,6252,1377,2
86,B-25388,2021-02-04,2021-02,114,8,3,2,5047,2211,13
87,B-26144,2024-08-23,2024-08,215,8,3,2,3461,1537,15
88,B-26445,2021-04-12,2021-04,613,8,3,2,9921,1451,15
89,B-26166,2022-08-23,2022-08,164,9,3,2,5142,1916,20
90,B-25757,2021-10-04,2021-10,186,9,3,2,7560,821,4
91,B-26523,2020-03-31,2020-03,172,11,3,2,2850,904,6
92,B-25042,2024-05-31,2024-05,99,3,5,2,8793,3010,7
93,B-26120,2023-04-09,2023-04,763,3,5,2,2101,287,8
94,B-26224,2023-01-22,2023-01,260,4,5,2,5564,175,11
95,B-25042,2024-05-31,2024-05,99,5,5,2,6903,105,1
96,B-26352,2023-07-18,2023-07,447,5,5,2,4936,576,19
97,B-26222,2022-06-29,2022-06,436,6,5,2,8089,3132,17
98,B-25759,2020-11-10,2020-11,512,6,5,2,5014,2332,2
99,B-26743,2020-10-02,2020-10,227,8,5,2,7684,1157,12
100,B-26145,2021-11-20,2021-11,392,8,5,2,7441,867,12
101,B-26166,2022-08-23,2022-08,164,10,5,2,2999,145,13
102,B-26144,2024-08-23,2024-08,215,10,5,2,3853,1457,10
103,B-26032,2023-04-17,2023-04,107,11,5,2,8346,1176,1
104,B-25925,2021-02-17,2021-02,326,1,2,2,5266,1111,13
105,B-26352,2023-07-18,2023-07,447,2,2,2,9382,1085,3
106,B-25463,2025-02-02,2025-02,178,3,2,2,3137,571,9
107,B-25330,2024-11-17,2024-11,466,3,2,2,2957,917,16
108,B-26258,2024-10-21,2024-10,461,4,2,2,2710,555,20
109,B-26032,2023-04-17,2023-04,107,5,2,2,6218,1125,5
110,B-25715,2023-04-05,2023-04,629,5,2,2,6089,139,19
111,B-26912,2022-01-08,2022-01,668,5,2,2,8752,1686,9
112,B-26894,2023-01-20,2023-01,465,7,2,2,8769,3178,16
113,B-26032,2023-04-17,2023-04,107,8,2,2,2799,1239,5
114,B-26426,2023-11-24,2023-11,764,9,2,2,8644,1968,9
115,B-26586,2023-09-30,2023-09,310,11,2,2,2450,1002,4
116,B-26144,2024-08-23,2024-08,215,1,4,2,5714,1438,6
117,B-26222,2022-06-29,2022-06,436,1,4,2,4708,696,14
118,B-26032,2023-04-17,2023-04,107,2,4,2,5167,253,14
119,B-25925,2021-02-17,2021-02,326,3,4,2,3022,384,1
120,B-26222,2022-06-29,2022-06,436,3,4,2,8706,3099,14
121,B-25889,2023-05-31,2023-05,778,4,4,2,7992,893,12
122,B-25916,2022-12-07,2022-12,83,5,4,2,2858,230,3
123,B-26279,2023-02-17,2023-02,624,7,4,2,3747,410,5
124,B-25916,2022-12-07,2022-12,83,8,4,2,8175,525,7
125,B-26159,2024-04-16,2024-04,547,8,4,2,7700,2712,1
126,B-26659,2022-02-18,2022-02,799,8,4,2,526,83,4
127,B-25646,2020-08-24,2020-08,587,9,4,2,8979,4477,4
128,B-26878,2020-10-01,2020-10,518,11,4,2,1078,309,3
129,B-25953,2021-11-13,2021-11,348,12,4,2,4985,1920,10
130,B-26776,2021-07-25,2021-07,3,1,1,3,9726,1275,5
131,B-25744,2022-01-14,2022-01,247,1,1,3,1689,109,9
132,B-25064,2022-02-10,2022-02,379,1,1,3,4628,1491,17
133,B-25873,2022-06-05,2022-06,706,1,1,3,2684,713,2
134,B-26776,2021-07-25,2021-07,3,2,1,3,4975,1330,14
135,B-25747,2021-05-12,2021-05,147,2,1,3,7131,718,12
136,B-26523,2020-10-20,2020-10,173,3,1,3,8204,2382,6
137,B-25372,2020-11-16,2020-11,37,5,1,3,5768,2059,14
138,B-25251,2020-04-27,2020-04,300,6,1,3,697,116,1
139,B-25658,2024-06-15,2024-06,217,7,1,3,1290,204,12
140,B-26679,2020-04-29,2020-04,318,7,1,3,8102,1800,5
141,B-25159,2023-06-07,2023-06,651,7,1,3,5338,1354,16
142,B-25159,2021-01-04,2021-01,653,7,1,3,5338,1354,16
143,B-26716,2021-11-20,2021-11,187,8,1,3,1314,490,16
144,B-25465,2022-12-23,2022-12,443,8,1,3,508,177,17
145,B-25258,2021-08-12,2021-08,516,8,1,3,6951,164,10
146,B-25901,2020-10-20,2020-10,100,9,1,3,9883,4812,16
147,B-25901,2020-10-20,2020-10,100,9,1,3,5210,1185,7
148,B-25200,2024-07-08,2024-07,417,9,1,3,9653,2471,6
149,B-26279,2022-12-08,2022-12,622,10,1,3,3194,534,4
150,B-26121,2022-12-16,2022-12,42,12,1,3,1126,55,1
151,B-26607,2024-07-13,2024-07,141,12,1,3,1085,301,20
152,B-25441,2022-06-24,2022-06,608,12,1,3,1496,662,17
153,B-26383,2023-01-12,2023-01,532,2,3,3,7967,2504,13
154,B-26076,2025-03-10,2025-03,44,3,3,3,8639,3104,19
155,B-25517,2021-12-29,2021-12,416,3,3,3,4495,1408,14
156,B-26679,2020-04-29,2020-04,318,5,3,3,3234,1274,10
157,B-25673,2024-03-23,2024-03,353,5,3,3,5306,2405,17
158,B-25064,2022-02-10,2022-02,379,6,3,3,6109,3040,9
159,B-25492,2021-12-14,2021-12,414,6,3,3,9279,552,14
160,B-25747,2021-05-12,2021-05,147,7,3,3,4200,855,10
161,B-26066,2024-12-19,2024-12,536,7,3,3,6673,950,19
162,B-25388,2022-05-06,2022-05,116,8,3,3,5047,2211,13
163,B-25792,2023-07-02,2023-07,586,9,3,3,4751,781,9
164,B-25669,2023-10-20,2023-10,378,10,3,3,5899,2264,6
165,B-26523,2020-10-20,2020-10,173,11,3,3,2850,904,6
166,B-26298,2020-08-07,2020-08,806,11,3,3,2082,642,8
167,B-25620,2022-06-13,2022-06,250,12,3,3,5234,2021,15
168,B-25517,2021-12-29,2021-12,416,12,3,3,6732,911,19
169,B-26883,2020-11-23,2020-11,286,3,5,3,9751,2459,13
170,B-26734,2022-05-23,2022-05,716,5,5,3,847,355,17
171,B-25251,2020-04-27,2020-04,300,6,5,3,2895,104,6
172,B-25004,2023-09-01,2023-09,126,7,5,3,9965,3033,16
173,B-25477,2022-07-05,2022-07,409,7,5,3,7195,1665,7
174,B-26743,2020-06-23,2020-06,228,8,5,3,7684,1157,12
175,B-26929,2020-08-05,2020-08,724,8,5,3,6087,3043,1
176,B-25223,2022-01-15,2022-01,138,9,5,3,3099,479,1
177,B-25744,2022-01-14,2022-01,247,9,5,3,3936,1626,14
178,B-25223,2022-01-15,2022-01,138,11,5,3,2521,906,7
179,B-25747,2021-05-12,2021-05,147,11,5,3,2962,1470,1
180,B-25861,2023-07-15,2023-07,133,1,2,3,9851,2669,19
181,B-26443,2023-12-28,2023-12,529,2,2,3,9869,4299,12
182,B-26485,2023-11-05,2023-11,344,3,2,3,9084,3253,12
183,B-25441,2022-06-24,2022-06,608,3,2,3,5470,292,7
184,B-25620,2022-06-13,2022-06,250,4,2,3,721,258,13
185,B-25060,2020-10-08,2020-10,275,4,2,3,4244,340,10
186,B-25965,2023-06-25,2023-06,748,4,2,3,544,272,2
187,B-25372,2020-11-16,2020-11,37,5,2,3,1016,172,20
188,B-25861,2023-07-15,2023-07,133,5,2,3,9989,3930,14
189,B-26716,2021-11-20,2021-11,187,5,2,3,4390,179,1
190,B-26563,2021-10-04,2021-10,745,5,2,3,4314,1591,5
191,B-26257,2022-07-13,2022-07,770,5,2,3,5460,2088,14
192,B-25038,2020-12-05,2020-12,143,6,2,3,738,342,2
193,B-25955,2022-02-15,2022-02,530,7,2,3,655,297,4
194,B-25497,2024-09-13,2024-09,604,7,2,3,2047,914,5
195,B-26612,2020-05-04,2020-05,759,8,2,3,8930,3374,12
196,B-25022,2023-07-14,2023-07,788,8,2,3,6646,848,15
197,B-26598,2024-09-01,2024-09,590,9,2,3,2636,88,11
198,B-26904,2023-09-10,2023-09,616,9,2,3,594,67,19
199,B-26716,2021-11-20,2021-11,187,10,2,3,1150,58,7
200,B-26076,2025-03-10,2025-03,44,11,2,3,2750,1239,11
201,B-25972,2022-06-19,2022-06,245,11,2,3,4911,186,20
202,B-26383,2023-01-12,2023-01,532,11,2,3,798,308,10
203,B-26612,2020-05-04,2020-05,759,11,2,3,6528,76,9
204,B-25972,2022-06-19,2022-06,245,12,2,3,531,189,20
205,B-26598,2024-09-01,2024-09,590,2,4,3,1093,397,17
206,B-25060,2020-10-08,2020-10,275,3,4,3,1379,250,3
207,B-26890,2024-06-07,2024-06,195,4,4,3,7333,1576,4
208,B-25620,2022-06-13,2022-06,250,4,4,3,8364,3055,17
209,B-25372,2020-11-16,2020-11,37,5,4,3,1217,151,3
210,B-25465,2022-12-23,2022-12,443,5,4,3,717,158,16
211,B-25156,2021-08-29,2021-08,94,6,4,3,9820,793,16
212,B-26279,2022-12-08,2022-12,622,7,4,3,3747,410,5
213,B-25441,2022-06-24,2022-06,608,8,4,3,9914,3858,16
214,B-25492,2021-12-14,2021-12,414,9,4,3,2596,1003,19
215,B-25744,2022-01-14,2022-01,247,10,4,3,8438,3427,12
216,B-25713,2021-01-03,2021-01,455,11,4,3,2280,509,8
217,B-26526,2022-07-17,2022-07,479,11,4,3,599,265,4
218,B-26526,2022-07-17,2022-07,479,12,4,3,2727,543,10
219,B-25497,2024-09-13,2024-09,604,12,4,3,2995,220,14
220,B-25157,2024-07-18,2024-07,118,1,1,18,6471,2842,18
221,B-26554,2020-11-21,2020-11,283,1,1,18,3409,1605,20
222,B-25841,2021-01-19,2021-01,105,4,1,18,4371,1852,1
223,B-26069,2022-02-28,2022-02,396,5,1,18,3577,699,2
224,B-26009,2021-02-10,2021-02,418,5,1,18,8945,1728,10
225,B-26259,2022-11-20,2022-11,51,6,1,18,1757,622,10
226,B-25159,2024-08-01,2024-08,650,7,1,18,5338,1354,16
227,B-25232,2021-02-12,2021-02,295,9,1,18,7792,1403,13
228,B-25234,2022-12-03,2022-12,795,9,1,18,5024,379,2
229,B-26165,2022-12-12,2022-12,120,11,1,18,6671,2797,10
230,B-25511,2025-01-29,2025-01,246,1,3,18,9707,3483,10
231,B-25698,2022-12-28,2022-12,484,1,3,18,3776,1100,9
232,B-25841,2021-01-19,2021-01,105,3,3,18,782,374,8
233,B-25396,2022-11-12,2022-11,486,3,3,18,5165,885,16
234,B-25483,2021-09-06,2021-09,719,4,3,18,7821,3821,13
235,B-26322,2024-09-06,2024-09,149,7,3,18,5934,1563,2
236,B-26069,2022-02-28,2022-02,396,7,3,18,838,271,11
237,B-25381,2020-12-15,2020-12,476,7,3,18,4220,945,13
238,B-25735,2024-03-11,2024-03,678,7,3,18,7122,1982,7
239,B-26545,2021-08-02,2021-08,749,7,3,18,537,142,20
240,B-25388,2022-09-16,2022-09,115,8,3,18,5047,2211,13
241,B-25148,2022-08-10,2022-08,424,8,3,18,1067,251,14
242,B-26938,2023-06-25,2023-06,553,8,3,18,3281,471,7
243,B-26909,2020-06-23,2020-06,731,8,3,18,7786,1202,4
244,B-25620,2023-10-18,2023-10,249,12,3,18,5234,2021,15
245,B-25396,2022-11-12,2022-11,486,12,3,18,4863,2394,4
246,B-26405,2024-02-12,2024-02,292,6,5,18,7497,319,18
247,B-25962,2022-11-23,2022-11,305,7,5,18,4202,1171,3
248,B-25511,2025-01-29,2025-01,246,9,5,18,8521,2584,7
249,B-26041,2021-02-22,2021-02,720,11,5,18,9498,256,12
250,B-25665,2020-03-22,2020-03,797,1,2,18,8962,2444,18
251,B-25401,2023-08-04,2023-08,656,2,2,18,6017,2230,13
252,B-25620,2023-10-18,2023-10,249,4,2,18,721,258,13
253,B-26912,2023-09-04,2023-09,667,5,2,18,8752,1686,9
254,B-25232,2021-02-12,2021-02,295,6,2,18,2346,388,14
255,B-25148,2022-08-10,2022-08,424,7,2,18,8141,3968,18
256,B-26106,2020-08-10,2020-08,506,8,2,18,7952,3865,8
257,B-26677,2020-12-13,2020-12,169,9,2,18,8581,2444,2
258,B-26598,2024-03-27,2024-03,589,9,2,18,2636,88,11
259,B-25836,2022-07-28,2022-07,673,12,2,18,2695,914,15
260,B-26980,2022-10-31,2022-10,697,12,2,18,9752,3618,5
261,B-25483,2021-09-06,2021-09,719,12,2,18,3129,55,9
262,B-25594,2024-06-26,2024-06,643,1,4,18,2931,212,7
263,B-26137,2020-07-09,2020-07,207,2,4,18,3423,804,4
264,B-26598,2024-03-27,2024-03,589,2,4,18,1093,397,17
265,B-26268,2022-09-22,2022-09,381,3,4,18,4369,584,13
266,B-25620,2023-10-18,2023-10,249,4,4,18,8364,3055,17
267,B-26554,2020-11-21,2020-11,283,9,4,18,7564,3463,5
268,B-25829,2021-10-31,2021-10,241,12,4,18,9640,2606,2
269,B-25359,2020-10-15,2020-10,725,12,4,18,611,300,3
270,B-25714,2024-03-24,2024-03,139,1,1,9,6962,3429,12
271,B-25873,2020-05-11,2020-05,707,1,1,9,2684,713,2
272,B-26470,2021-10-12,2021-10,32,2,1,9,9683,1014,5
273,B-25400,2025-01-06,2025-01,123,2,1,9,7759,3741,17
274,B-26309,2023-11-29,2023-11,765,5,1,9,6672,3319,4
275,B-25603,2020-04-18,2020-04,773,7,1,9,9272,1771,19
276,B-26510,2025-02-11,2025-02,12,9,1,9,1629,265,1
277,B-25234,2024-04-02,2024-04,794,9,1,9,5024,379,2
278,B-25707,2020-04-25,2020-04,657,10,1,9,3080,737,6
279,B-25443,2024-08-21,2024-08,573,11,1,9,5900,1738,20
280,B-26332,2022-06-10,2022-06,86,12,1,9,7826,1221,14
281,B-26277,2022-02-24,2022-02,179,12,1,9,1368,406,9
282,B-26138,2024-05-21,2024-05,723,12,1,9,3084,611,19
283,B-26987,2022-07-18,2022-07,214,1,3,9,7643,3720,19
284,B-25690,2024-12-07,2024-12,59,2,3,9,523,95,20
285,B-26466,2024-10-17,2024-10,152,2,3,9,5457,1765,7
286,B-26896,2023-05-24,2023-05,263,2,3,9,6488,1591,18
287,B-26843,2021-07-31,2021-07,350,2,3,9,4591,1941,19
288,B-25241,2021-07-18,2021-07,204,3,3,9,9905,633,17
289,B-26293,2021-11-26,2021-11,76,4,3,9,1731,149,4
290,B-26470,2021-10-12,2021-10,32,5,3,9,3090,573,6
291,B-25222,2024-04-24,2024-04,336,5,3,9,4852,218,2
292,B-26726,2023-08-17,2023-08,370,5,3,9,3176,586,9
293,B-25369,2025-02-16,2025-02,433,6,3,9,3760,1849,19
294,B-26466,2024-10-17,2024-10,152,7,3,9,3479,1087,2
295,B-26754,2020-10-26,2020-10,346,7,3,9,1089,176,16
296,B-26116,2022-01-15,2022-01,527,8,3,9,6389,734,1
297,B-25443,2024-08-21,2024-08,573,11,3,9,4544,1726,9
298,B-26119,2024-12-26,2024-12,269,12,3,9,6449,2628,11
299,B-26759,2024-11-10,2024-11,95,2,5,9,4441,281,20
300,B-26489,2021-02-09,2021-02,199,4,5,9,2791,894,14
301,B-26332,2022-06-10,2022-06,86,5,5,9,9835,2571,16
302,B-25112,2023-01-29,2023-01,137,5,5,9,7421,958,10
303,B-26277,2022-02-24,2022-02,179,5,5,9,2323,727,7
304,B-25827,2021-08-17,2021-08,585,5,5,9,1786,224,4
305,B-26215,2023-04-07,2023-04,362,7,5,9,4171,1450,18
306,B-26723,2023-12-09,2023-12,183,8,5,9,5322,1423,18
307,B-26759,2024-11-10,2024-11,95,10,5,9,8563,2624,8
308,B-26772,2022-08-01,2022-08,231,12,5,9,7344,2598,20
309,B-26580,2023-04-17,2023-04,420,12,5,9,4007,201,13
310,B-26767,2021-06-03,2021-06,701,12,5,9,6724,1539,19
311,B-26726,2023-08-17,2023-08,370,1,2,9,7213,508,19
312,B-25945,2023-03-10,2023-03,755,1,2,9,9952,3301,15
313,B-26119,2024-12-26,2024-12,269,3,2,9,3956,142,12
314,B-25071,2023-03-14,2023-03,545,3,2,9,6147,2526,6
315,B-25707,2020-04-25,2020-04,657,3,2,9,4904,469,2
316,B-25630,2024-08-07,2024-08,737,4,2,9,5951,936,6
317,B-26489,2021-02-09,2021-02,199,6,2,9,8943,3121,17
318,B-25400,2025-01-06,2025-01,123,7,2,9,7521,3457,16
319,B-26293,2021-11-26,2021-11,76,8,2,9,4968,934,5
320,B-26489,2021-02-09,2021-02,199,8,2,9,6223,1478,3
321,B-26288,2022-04-23,2022-04,467,9,2,9,5344,2607,6
322,B-25120,2024-04-25,2024-04,397,11,2,9,7122,1836,6
323,B-25106,2021-04-01,2021-04,670,1,4,9,851,356,11
324,B-25991,2021-06-13,2021-06,741,1,4,9,3436,933,3
325,B-26137,2020-07-25,2020-07,208,2,4,9,3423,804,4
326,B-26137,2020-05-04,2020-05,210,2,4,9,3423,804,4
327,B-26843,2021-07-31,2021-07,350,3,4,9,9612,2572,17
328,B-26885,2024-02-20,2024-02,403,4,4,9,2468,418,4
329,B-25369,2025-02-16,2025-02,433,4,4,9,1579,602,9
330,B-25944,2022-10-22,2022-10,695,4,4,9,5954,2640,14
331,B-26928,2023-06-22,2023-06,789,4,4,9,2553,907,6
332,B-26293,2021-11-26,2021-11,76,5,4,9,9768,4518,8
333,B-26885,2024-02-20,2024-02,403,5,4,9,9024,730,4
334,B-26332,2022-06-10,2022-06,86,7,4,9,9691,3056,13
335,B-25120,2024-04-25,2024-04,397,7,4,9,7327,2596,15
336,B-25196,2023-07-20,2023-07,543,7,4,9,7806,1127,1
337,B-25868,2022-12-26,2022-12,474,10,4,9,2944,249,5
338,B-26742,2022-12-05,2022-12,63,11,4,9,4358,526,19
339,B-26742,2022-12-05,2022-12,63,11,4,9,6459,825,8
340,B-26489,2021-02-09,2021-02,199,11,4,9,3297,102,12
341,B-25106,2021-04-01,2021-04,670,11,4,9,9090,3098,16
342,B-26800,2021-10-23,2021-10,213,1,1,8,8568,2419,11
343,B-26988,2021-12-03,2021-12,270,1,1,8,2109,681,20
344,B-25064,2023-10-05,2023-10,380,1,1,8,4628,1491,17
345,B-26803,2022-05-16,2022-05,583,2,1,8,9399,1949,12
346,B-25331,2023-07-17,2023-07,452,3,1,8,2514,95,8
347,B-26910,2024-04-29,2024-04,489,3,1,8,8468,3666,8
348,B-25695,2022-12-17,2022-12,165,4,1,8,1239,575,17
349,B-26228,2022-09-16,2022-09,548,7,1,8,8537,3586,13
350,B-26213,2023-06-08,2023-06,127,8,1,8,1523,234,3
351,B-25465,2023-10-24,2023-10,446,8,1,8,508,177,17
352,B-25232,2022-12-27,2022-12,296,9,1,8,7792,1403,13
353,B-25936,2021-10-09,2021-10,69,10,1,8,9619,3420,7
354,B-25936,2022-08-29,2022-08,71,10,1,8,9619,3420,7
355,B-25553,2024-05-30,2024-05,15,11,1,8,9380,414,11
356,B-25730,2020-10-17,2020-10,27,11,1,8,2863,205,17
357,B-26284,2023-10-11,2023-10,315,11,1,8,5152,2045,14
358,B-25541,2021-08-13,2021-08,542,12,1,8,2401,1163,10
359,B-25441,2024-06-08,2024-06,609,12,1,8,1496,662,17
360,B-25695,2022-12-17,2022-12,165,1,3,8,1262,515,16
361,B-26800,2021-10-23,2021-10,213,3,3,8,3283,71,6
362,B-26656,2022-10-12,2022-10,499,3,3,8,3573,562,7
363,B-25364,2020-09-30,2020-09,235,4,3,8,8649,2631,13
364,B-25064,2023-10-05,2023-10,380,6,3,8,6109,3040,9
365,B-25369,2024-09-08,2024-09,435,6,3,8,3760,1849,19
366,B-26125,2023-10-13,2023-10,196,8,3,8,912,246,2
367,B-25148,2022-12-23,2022-12,423,8,3,8,1067,251,14
368,B-26656,2022-10-12,2022-10,499,11,3,8,8055,661,10
369,B-26298,2020-06-02,2020-06,804,11,3,8,2082,642,8
370,B-26125,2023-10-13,2023-10,196,1,5,8,7690,1134,4
371,B-26034,2023-12-28,2023-12,422,1,5,8,9229,4090,8
372,B-25025,2021-03-25,2021-03,128,4,5,8,6447,3079,20
373,B-26352,2022-05-16,2022-05,448,5,5,8,4936,576,19
374,B-26910,2024-04-29,2024-04,489,5,5,8,9680,3295,9
375,B-26988,2021-12-03,2021-12,270,7,5,8,6255,437,18
376,B-25962,2022-10-31,2022-10,306,7,5,8,4202,1171,3
377,B-25477,2024-07-27,2024-07,408,7,5,8,7195,1665,7
378,B-25553,2024-05-30,2024-05,15,9,5,8,4080,72,17
379,B-25730,2020-10-17,2020-10,27,10,5,8,8293,2632,8
380,B-26507,2023-12-16,2023-12,91,12,5,8,9895,1598,20
381,B-26068,2020-08-28,2020-08,167,12,5,8,1033,254,5
382,B-26213,2023-06-08,2023-06,127,1,2,8,9073,424,7
383,B-26678,2021-09-08,2021-09,304,1,2,8,6934,1226,1
384,B-26352,2022-05-16,2022-05,448,2,2,8,9382,1085,3
385,B-25936,2021-10-09,2021-10,69,3,2,8,9992,3696,20
386,B-25936,2022-08-29,2022-08,71,3,2,8,9992,3696,20
387,B-26969,2021-04-30,2021-04,159,3,2,8,8856,2020,9
388,B-25441,2024-06-08,2024-06,609,3,2,8,5470,292,7
389,B-26317,2021-08-06,2021-08,676,3,2,8,2284,149,20
390,B-26453,2020-06-16,2020-06,190,4,2,8,1231,214,20
391,B-26357,2023-06-08,2023-06,513,4,2,8,9879,4930,15
392,B-25660,2022-04-19,2022-04,57,6,2,8,7595,2873,4
393,B-25232,2022-12-27,2022-12,296,6,2,8,2346,388,14
394,B-26910,2024-04-29,2024-04,489,6,2,8,4441,314,14
395,B-25566,2023-07-22,2023-07,556,6,2,8,3877,481,16
396,B-25148,2022-12-23,2022-12,423,7,2,8,8141,3968,18
397,B-26288,2025-02-18,2025-02,468,9,2,8,5344,2607,6
398,B-26195,2023-05-29,2023-05,254,10,2,8,874,235,15
399,B-25590,2020-12-16,2020-12,571,10,2,8,8305,1577,6
400,B-25541,2021-08-13,2021-08,542,11,2,8,1045,267,11
401,B-26034,2023-12-28,2023-12,422,12,2,8,9789,2071,18
402,B-26980,2024-02-21,2024-02,696,12,2,8,9752,3618,5
403,B-25025,2021-03-25,2021-03,128,1,4,8,8947,2807,6
404,B-25964,2022-07-22,2022-07,699,1,4,8,1454,80,20
405,B-25369,2024-09-08,2024-09,435,4,4,8,1579,602,9
406,B-25051,2024-12-30,2024-12,11,5,4,8,7201,2685,2
407,B-25465,2023-10-24,2023-10,446,5,4,8,717,158,16
408,B-26969,2021-04-30,2021-04,159,7,4,8,3348,568,5
409,B-26803,2022-05-16,2022-05,583,8,4,8,7957,965,4
410,B-25441,2024-06-08,2024-06,609,8,4,8,9914,3858,16
411,B-26750,2020-06-07,2020-06,722,8,4,8,5461,1214,7
412,B-25051,2024-12-30,2024-12,11,9,4,8,725,133,6
413,B-25553,2024-05-30,2024-05,15,10,4,8,8558,1644,18
414,B-26526,2024-12-05,2024-12,480,11,4,8,599,265,4
415,B-26526,2024-12-05,2024-12,480,12,4,8,2727,543,10
416,B-26864,2021-01-30,2021-01,237,1,1,12,2539,324,5
417,B-26916,2020-10-21,2020-10,324,3,1,12,916,362,7
418,B-26790,2020-09-21,2020-09,735,4,1,12,9837,384,1
419,B-26916,2020-10-21,2020-10,324,6,1,12,7846,677,12
420,B-25032,2024-08-06,2024-08,25,7,1,12,7784,2937,12
421,B-25658,2024-12-19,2024-12,218,7,1,12,1290,204,12
422,B-26679,2023-09-14,2023-09,317,7,1,12,8102,1800,5
423,B-26419,2021-05-28,2021-05,117,8,1,12,3657,163,1
424,B-26916,2020-10-21,2020-10,324,8,1,12,1165,302,20
425,B-25011,2021-02-06,2021-02,430,8,1,12,3913,961,15
426,B-25131,2022-06-27,2022-06,252,9,1,12,9654,4111,1
427,B-26654,2021-02-18,2021-02,253,11,1,12,7838,1142,13
428,B-26601,2024-03-13,2024-03,156,12,1,12,9574,4045,19
429,B-25435,2020-09-10,2020-09,620,12,1,12,3518,1051,3
430,B-25842,2022-12-27,2022-12,257,3,3,12,1248,584,13
431,B-25819,2023-11-02,2023-11,481,3,3,12,2589,605,11
432,B-25364,2024-01-10,2024-01,234,4,3,12,8649,2631,13
433,B-25801,2022-06-04,2022-06,502,4,3,12,6829,2609,2
434,B-25435,2020-09-10,2020-09,620,4,3,12,4157,1874,8
435,B-26679,2023-09-14,2023-09,317,5,3,12,3234,1274,10
436,B-26353,2024-11-22,2024-11,565,5,3,12,6304,766,14
437,B-25884,2024-09-04,2024-09,72,6,3,12,9035,1227,14
438,B-25492,2020-11-30,2020-11,415,6,3,12,9279,552,14
439,B-26863,2023-04-01,2023-04,511,6,3,12,4037,1494,15
440,B-25842,2022-12-27,2022-12,257,7,3,12,3669,154,14
441,B-26572,2024-11-25,2024-11,277,7,3,12,1818,738,11
442,B-25388,2023-08-13,2023-08,113,8,3,12,5047,2211,13
443,B-26790,2020-09-21,2020-09,735,8,3,12,3445,1405,16
444,B-25189,2021-07-05,2021-07,743,9,3,12,7620,125,4
445,B-25189,2024-10-12,2024-10,744,9,3,12,7620,125,4
446,B-25325,2024-06-12,2024-06,251,10,3,12,6295,2469,14
447,B-26572,2024-11-25,2024-11,277,12,3,12,5911,2333,14
448,B-26522,2023-05-24,2023-05,689,12,3,12,5994,2826,9
449,B-25032,2024-08-06,2024-08,25,1,5,12,5122,2413,12
450,B-26601,2024-03-13,2024-03,156,1,5,12,4382,482,17
451,B-25398,2021-11-01,2021-11,647,2,5,12,9215,767,13
452,B-25032,2024-08-06,2024-08,25,3,5,12,5591,1696,3
453,B-26592,2022-10-07,2022-10,329,3,5,12,9832,1270,1
454,B-26734,2023-01-18,2023-01,718,5,5,12,847,355,17
455,B-26251,2023-06-04,2023-06,330,6,5,12,883,127,7
456,B-25004,2020-06-17,2020-06,125,7,5,12,9965,3033,16
457,B-25298,2025-01-27,2025-01,715,7,5,12,8104,1039,6
458,B-26528,2024-06-16,2024-06,449,8,5,12,2663,64,19
459,B-25801,2022-06-04,2022-06,502,9,5,12,6390,3089,12
460,B-26232,2023-02-03,2023-02,18,10,5,12,5219,1180,20
461,B-25915,2024-02-01,2024-02,77,10,5,12,3433,1169,10
462,B-25131,2022-06-27,2022-06,252,10,5,12,3112,1065,20
463,B-26032,2023-12-24,2023-12,108,11,5,12,8346,1176,1
464,B-25510,2023-05-08,2023-05,65,12,5,12,2478,92,12
465,B-25510,2021-03-18,2021-03,67,12,5,12,2478,92,12
466,B-26767,2021-12-13,2021-12,700,12,5,12,6724,1539,19
467,B-25574,2024-11-25,2024-11,550,2,2,12,5313,2037,7
468,B-26752,2022-08-11,2022-08,661,2,2,12,8422,893,18
469,B-25394,2022-10-30,2022-10,19,3,2,12,3686,760,20
470,B-25006,2022-11-16,2022-11,503,3,2,12,5831,1574,17
471,B-25919,2022-03-20,2022-03,280,4,2,12,2670,1026,1
472,B-26032,2023-12-24,2023-12,108,5,2,12,6218,1125,5
473,B-25881,2024-11-21,2024-11,493,5,2,12,8709,2322,8
474,B-25697,2021-05-25,2021-05,793,5,2,12,815,54,14
475,B-26599,2022-08-28,2022-08,522,6,2,12,4015,1751,15
476,B-26353,2024-11-22,2024-11,565,6,2,12,5317,1345,18
477,B-25413,2020-05-22,2020-05,151,7,2,12,2465,699,18
478,B-26032,2023-12-24,2023-12,108,8,2,12,2799,1239,5
479,B-26654,2021-02-18,2021-02,253,9,2,12,1733,133,17
480,B-25842,2022-12-27,2022-12,257,9,2,12,514,109,15
481,B-25915,2024-02-01,2024-02,77,10,2,12,3887,1490,1
482,B-26251,2023-06-04,2023-06,330,10,2,12,9659,2226,16
483,B-26251,2023-06-04,2023-06,330,12,2,12,4539,1155,8
484,B-25966,2021-06-14,2021-06,800,12,2,12,6093,3042,9
485,B-25884,2024-09-04,2024-09,72,2,4,12,9538,3158,20
486,B-26032,2023-12-24,2023-12,108,2,4,12,5167,253,14
487,B-25325,2024-06-12,2024-06,251,3,4,12,6711,1045,12
488,B-26592,2022-10-07,2022-10,329,3,4,12,796,153,15
489,B-25437,2023-01-23,2023-01,332,4,4,12,4688,1841,3
490,B-25325,2024-06-12,2024-06,251,5,4,12,5031,714,4
491,B-26543,2022-03-15,2022-03,600,5,4,12,7067,1943,16
492,B-25919,2022-03-20,2022-03,280,9,4,12,2140,970,4
493,B-25492,2020-11-30,2020-11,415,9,4,12,2596,1003,19
494,B-26742,2024-09-17,2024-09,64,11,4,12,4358,526,19
495,B-26742,2024-09-17,2024-09,64,11,4,12,6459,825,8
496,B-25325,2024-06-12,2024-06,251,11,4,12,3944,1559,18
497,B-26654,2021-02-18,2021-02,253,11,4,12,9300,3146,6
498,B-26576,2023-06-08,2023-06,478,12,4,12,8218,1430,19
499,B-26752,2022-08-11,2022-08,661,12,4,12,6105,1447,8
500,B-26224,2022-04-12,2022-04,261,1,1,16,3953,1776,15
501,B-26554,2024-07-01,2024-07,285,1,1,16,3409,1605,20
502,B-26312,2023-01-28,2023-01,161,2,1,16,6351,986,15
503,B-25251,2024-05-13,2024-05,301,6,1,16,697,116,1
504,B-26095,2021-10-20,2021-10,577,7,1,16,9406,1137,16
505,B-25236,2022-12-22,2022-12,684,8,1,16,5518,867,7
506,B-26896,2020-11-29,2020-11,264,2,3,16,6488,1591,18
507,B-26670,2022-10-22,2022-10,451,2,3,16,5151,1680,5
508,B-26095,2021-10-20,2021-10,577,2,3,16,1156,74,15
509,B-25640,2023-08-21,2023-08,663,3,3,16,670,85,9
510,B-26098,2022-07-04,2022-07,373,5,3,16,4146,865,19
511,B-26098,2022-07-04,2022-07,373,5,3,16,3793,875,7
512,B-25564,2024-07-30,2024-07,599,9,3,16,2451,342,8
513,B-25895,2024-04-16,2024-04,509,11,3,16,7478,1381,11
514,B-26839,2022-05-01,2022-05,677,11,3,16,6034,608,8
515,B-25885,2021-03-06,2021-03,124,3,5,16,9704,4339,12
516,B-26224,2022-04-12,2022-04,261,4,5,16,5564,175,11
517,B-25112,2022-12-20,2022-12,135,5,5,16,7421,958,10
518,B-25112,2022-01-16,2022-01,136,5,5,16,7421,958,10
519,B-26730,2021-04-05,2021-04,36,6,5,16,8636,3192,3
520,B-25251,2024-05-13,2024-05,301,6,5,16,2895,104,6
521,B-26795,2023-07-16,2023-07,55,7,5,16,7380,1673,18
522,B-25962,2023-11-12,2023-11,308,7,5,16,4202,1171,3
523,B-26723,2022-12-08,2022-12,182,8,5,16,5322,1423,18
524,B-25237,2023-05-14,2023-05,495,10,5,16,5250,187,1
525,B-26032,2020-08-21,2020-08,106,11,5,16,8346,1176,1
526,B-25885,2021-03-06,2021-03,124,1,2,16,6435,334,10
527,B-25885,2021-03-06,2021-03,124,2,2,16,4948,2356,18
528,B-25574,2021-10-29,2021-10,551,2,2,16,5313,2037,7
529,B-25602,2022-08-30,2022-08,328,3,2,16,4853,1764,9
530,B-25965,2021-03-05,2021-03,747,4,2,16,544,272,2
531,B-26730,2021-04-05,2021-04,36,5,2,16,6139,451,10
532,B-26032,2020-08-21,2020-08,106,5,2,16,6218,1125,5
533,B-26153,2022-05-18,2022-05,274,5,2,16,4906,975,7
534,B-26032,2020-08-21,2020-08,106,8,2,16,2799,1239,5
535,B-26312,2023-01-28,2023-01,161,8,2,16,1760,619,16
536,B-26628,2024-09-19,2024-09,753,8,2,16,9609,4339,3
537,B-26420,2021-12-07,2021-12,768,8,2,16,4897,1001,14
538,B-25971,2021-07-18,2021-07,607,9,2,16,8194,2881,6
539,B-26955,2024-04-07,2024-04,223,10,2,16,7301,3602,3
540,B-25746,2021-04-04,2021-04,294,10,2,16,8243,1346,15
541,B-25120,2023-03-10,2023-03,398,11,2,16,7122,1836,6
542,B-26032,2020-08-21,2020-08,106,2,4,16,5167,253,14
543,B-25010,2023-10-18,2023-10,774,3,4,16,7870,1057,15
544,B-25363,2020-05-02,2020-05,612,4,4,16,3918,749,8
545,B-26795,2023-07-16,2023-07,55,6,4,16,5224,1958,16
546,B-26795,2023-07-16,2023-07,55,7,4,16,5002,1801,11
547,B-26478,2022-04-21,2022-04,316,7,4,16,2542,190,1
548,B-25120,2023-03-10,2023-03,398,7,4,16,7327,2596,15
549,B-26730,2021-04-05,2021-04,36,8,4,16,4439,1712,19
550,B-26554,2024-07-01,2024-07,285,9,4,16,7564,3463,5
551,B-26839,2022-05-01,2022-05,677,12,4,16,8956,3359,13
552,B-26469,2021-03-24,2021-03,265,1,1,4,7856,3699,17
553,B-25142,2021-11-12,2021-11,52,2,1,4,5105,465,5
554,B-25549,2023-07-30,2023-07,401,2,1,4,4609,1084,8
555,B-26556,2022-08-12,2022-08,131,4,1,4,1341,615,4
556,B-25243,2024-06-16,2024-06,202,4,1,4,6113,2508,6
557,B-26740,2023-09-27,2023-09,558,4,1,4,3067,1475,8
558,B-25426,2020-05-04,2020-05,9,5,1,4,1023,78,9
559,B-25227,2020-04-08,2020-04,377,5,1,4,4761,2231,12
560,B-25159,2024-10-21,2024-10,652,7,1,4,5338,1354,16
561,B-25645,2024-05-05,2024-05,185,8,1,4,8383,937,4
562,B-25227,2020-04-08,2020-04,377,8,1,4,4115,1285,1
563,B-25465,2020-11-06,2020-11,445,8,1,4,508,177,17
564,B-25901,2022-08-11,2022-08,101,9,1,4,9883,4812,16
565,B-25901,2022-08-11,2022-08,101,9,1,4,5210,1185,7
566,B-25549,2023-07-30,2023-07,401,9,1,4,2328,788,4
567,B-25830,2022-02-28,2022-02,426,10,1,4,3839,1415,10
568,B-25028,2020-08-09,2020-08,798,10,1,4,1961,59,12
569,B-26622,2020-04-02,2020-04,155,11,1,4,9536,1437,9
570,B-26159,2023-11-07,2023-11,546,11,1,4,7484,2871,15
571,B-26332,2021-11-16,2021-11,87,12,1,4,7826,1221,14
572,B-26675,2021-04-03,2021-04,780,1,3,4,6499,2189,18
573,B-26469,2021-03-24,2021-03,265,3,3,4,1165,51,3
574,B-25529,2021-06-07,2021-06,487,3,3,4,1626,258,15
575,B-25243,2024-06-16,2024-06,202,5,3,4,7733,2784,15
576,B-26353,2023-04-28,2023-04,564,5,3,4,6304,766,14
577,B-26139,2022-10-07,2022-10,24,8,3,4,3958,630,15
578,B-25662,2022-07-25,2022-07,659,8,3,4,5346,1246,17
579,B-26244,2021-12-05,2021-12,96,9,3,4,7340,2271,8
580,B-26245,2022-08-22,2022-08,639,9,3,4,4172,235,5
581,B-26244,2021-12-05,2021-12,96,11,3,4,5442,1610,1
582,B-25243,2024-06-16,2024-06,202,12,3,4,6187,2344,15
583,B-25703,2023-04-19,2023-04,404,1,5,4,9438,1801,4
584,B-26844,2021-06-05,2021-06,683,1,5,4,4163,897,14
585,B-26557,2022-05-30,2022-05,201,2,5,4,9057,1888,19
586,B-26157,2023-12-14,2023-12,21,3,5,4,9337,554,11
587,B-26088,2020-07-16,2020-07,232,3,5,4,6932,3218,20
588,B-26557,2022-05-30,2022-05,201,4,5,4,9200,809,13
589,B-26332,2021-11-16,2021-11,87,5,5,4,9835,2571,16
590,B-25243,2024-06-16,2024-06,202,5,5,4,8524,154,14
591,B-26730,2022-02-26,2022-02,35,6,5,4,8636,3192,3
592,B-25298,2021-11-24,2021-11,713,7,5,4,8104,1039,6
593,B-25436,2020-12-24,2020-12,782,7,5,4,8044,3634,3
594,B-26157,2023-12-14,2023-12,21,9,5,4,6045,1606,4
595,B-26019,2025-03-14,2025-03,238,9,5,4,9845,3062,9
596,B-26564,2024-02-16,2024-02,75,11,5,4,7909,1942,19
597,B-25861,2022-09-22,2022-09,134,1,2,4,9851,2669,19
598,B-25846,2020-04-25,2020-04,439,1,2,4,8706,1724,3
599,B-25549,2023-07-30,2023-07,401,2,2,4,4734,958,7
600,B-26842,2024-03-10,2024-03,520,2,2,4,5916,1594,19
601,B-26842,2023-10-05,2023-10,521,2,2,4,5916,1594,19
602,B-26740,2023-09-27,2023-09,558,2,2,4,9369,3297,6
603,B-26942,2024-05-11,2024-05,4,3,2,4,1525,185,12
604,B-25602,2021-11-06,2021-11,327,3,2,4,4853,1764,9
605,B-25919,2025-02-20,2025-02,279,4,2,4,2670,1026,1
606,B-26139,2022-10-07,2022-10,24,5,2,4,3132,963,1
607,B-26730,2022-02-26,2022-02,35,5,2,4,6139,451,10
608,B-25861,2022-09-22,2022-09,134,5,2,4,9989,3930,14
609,B-26353,2023-04-28,2023-04,564,6,2,4,5317,1345,18
610,B-25426,2020-05-04,2020-05,9,7,2,4,6851,2812,1
611,B-26842,2024-03-10,2024-03,520,7,2,4,6402,2770,19
612,B-26842,2023-10-05,2023-10,521,7,2,4,6402,2770,19
613,B-25955,2023-11-30,2023-11,531,7,2,4,655,297,4
614,B-26677,2020-11-19,2020-11,170,9,2,4,8581,2444,2
615,B-25142,2021-11-12,2021-11,52,12,2,4,6940,253,15
616,B-26993,2022-04-16,2022-04,220,12,2,4,3083,1151,16
617,B-25423,2023-03-18,2023-03,287,2,4,4,6385,2656,11
618,B-25777,2022-05-10,2022-05,364,2,4,4,6236,2839,7
619,B-26740,2023-09-27,2023-09,558,2,4,4,8680,4068,20
620,B-26557,2022-05-30,2022-05,201,5,4,4,6864,3275,11
621,B-25465,2020-11-06,2020-11,445,5,4,4,717,158,16
622,B-26332,2021-11-16,2021-11,87,7,4,4,9691,3056,13
623,B-25426,2020-05-04,2020-05,9,8,4,4,7626,1046,15
624,B-26730,2022-02-26,2022-02,35,8,4,4,4439,1712,19
625,B-26622,2020-04-02,2020-04,155,8,4,4,2225,589,7
626,B-26159,2023-11-07,2023-11,546,8,4,4,7700,2712,1
627,B-25919,2025-02-20,2025-02,279,9,4,4,2140,970,4
628,B-26564,2024-02-16,2024-02,75,10,4,4,1297,600,7
629,B-26554,2024-06-16,2024-06,282,1,1,17,3409,1605,20
630,B-25170,2022-05-27,2022-05,519,1,1,17,1031,318,20
631,B-25747,2023-09-17,2023-09,148,2,1,17,7131,718,12
632,B-26365,2024-07-05,2024-07,97,5,1,17,1895,391,14
633,B-25809,2022-12-08,2022-12,407,6,1,17,9916,4602,14
634,B-25809,2022-12-08,2022-12,407,11,1,17,2685,379,18
635,B-26029,2023-02-02,2023-02,703,11,1,17,4918,1485,7
636,B-26121,2022-01-16,2022-01,41,12,1,17,1126,55,1
637,B-26347,2023-07-07,2023-07,112,12,1,17,8586,3826,7
638,B-25241,2021-10-02,2021-10,205,3,3,17,9905,633,17
639,B-26656,2020-04-18,2020-04,501,3,3,17,3573,562,7
640,B-25222,2021-12-24,2021-12,337,5,3,17,4852,218,2
641,B-26287,2024-07-02,2024-07,74,6,3,17,9730,2341,2
642,B-25747,2023-09-17,2023-09,148,7,3,17,4200,855,10
643,B-25447,2020-05-04,2020-05,615,9,3,17,5028,1553,13
644,B-25170,2022-05-27,2022-05,519,10,3,17,8560,2166,19
645,B-26656,2020-04-18,2020-04,501,11,3,17,8055,661,10
646,B-26806,2020-08-27,2020-08,225,12,3,17,4027,1386,3
647,B-26119,2023-09-20,2023-09,268,12,3,17,6449,2628,11
648,B-25679,2020-10-21,2020-10,421,12,3,17,810,231,18
649,B-26287,2024-07-02,2024-07,74,1,5,17,2483,236,2
650,B-25580,2025-03-15,2025-03,572,1,5,17,1010,58,19
651,B-26146,2024-07-28,2024-07,400,2,5,17,2239,1094,18
652,B-25398,2022-01-10,2022-01,646,2,5,17,9215,767,13
653,B-25462,2024-08-21,2024-08,391,4,5,17,5730,482,6
654,B-25962,2023-11-06,2023-11,307,7,5,17,4202,1171,3
655,B-26146,2024-07-28,2024-07,400,7,5,17,4932,1153,1
656,B-26402,2021-08-10,2021-08,339,8,5,17,4314,1453,6
657,B-26287,2024-07-02,2024-07,74,9,5,17,2684,670,2
658,B-25515,2022-03-16,2022-03,431,9,5,17,4468,1940,9
659,B-26365,2024-07-05,2024-07,97,10,5,17,5323,322,13
660,B-25770,2022-10-30,2022-10,626,10,5,17,8548,2305,1
661,B-25747,2023-09-17,2023-09,148,11,5,17,2962,1470,1
662,B-25813,2021-03-13,2021-03,510,11,5,17,702,238,9
663,B-26225,2024-12-14,2024-12,658,11,5,17,1992,355,2
664,B-25794,2021-10-05,2021-10,784,12,5,17,7417,1334,16
665,B-26119,2023-09-20,2023-09,268,3,2,17,3956,142,12
666,B-25970,2023-12-14,2023-12,570,6,2,17,9132,3096,14
667,B-25471,2024-11-27,2024-11,645,6,2,17,1146,188,9
668,B-25809,2022-12-08,2022-12,407,7,2,17,4548,2135,8
669,B-25983,2020-05-14,2020-05,93,9,2,17,6517,1581,10
670,B-25839,2024-10-15,2024-10,760,9,2,17,4521,1778,9
671,B-26819,2021-08-17,2021-08,514,11,2,17,8762,3502,1
672,B-26185,2021-03-14,2021-03,48,1,4,17,1591,727,5
673,B-25454,2025-01-27,2025-01,361,1,4,17,5666,2733,17
674,B-26552,2020-11-09,2020-11,388,1,4,17,2804,936,10
675,B-26552,2023-05-03,2023-05,389,1,4,17,2804,936,10
676,B-25809,2022-12-08,2022-12,407,1,4,17,6184,50,14
677,B-25507,2023-11-28,2023-11,438,1,4,17,6392,444,18
678,B-25594,2023-12-08,2023-12,644,1,4,17,2931,212,7
679,B-25423,2022-10-19,2022-10,288,2,4,17,6385,2656,11
680,B-25983,2020-05-14,2020-05,93,5,4,17,1166,349,11
681,B-25383,2022-01-04,2022-01,366,6,4,17,5410,2456,8
682,B-26906,2025-02-09,2025-02,357,7,4,17,3665,802,4
683,B-26321,2024-03-04,2024-03,633,7,4,17,2062,848,6
684,B-26287,2024-07-02,2024-07,74,8,4,17,822,147,5
685,B-26554,2024-06-16,2024-06,282,9,4,17,7564,3463,5
686,B-25591,2022-12-25,2022-12,298,1,1,13,9770,4132,7
687,B-26312,2021-09-15,2021-09,160,2,1,13,6351,986,15
688,B-26069,2021-01-21,2021-01,395,5,1,13,3577,699,2
689,B-25996,2023-01-18,2023-01,537,5,1,13,714,232,14
690,B-26366,2021-05-16,2021-05,526,7,1,13,6584,371,6
691,B-25011,2024-02-10,2024-02,429,8,1,13,3913,961,15
692,B-25931,2023-07-18,2023-07,728,8,1,13,6485,3178,18
693,B-26279,2024-03-27,2024-03,623,10,1,13,3194,534,4
694,B-26672,2023-09-18,2023-09,146,1,3,13,1366,242,17
695,B-25842,2024-01-22,2024-01,256,3,3,13,1248,584,13
696,B-25444,2020-11-25,2020-11,709,3,3,13,7626,229,5
697,B-26353,2023-02-03,2023-02,563,5,3,13,6304,766,14
698,B-25842,2024-01-22,2024-01,256,7,3,13,3669,154,14
699,B-26069,2021-01-21,2021-01,395,7,3,13,838,271,11
700,B-25024,2021-03-28,2021-03,561,7,3,13,9002,4197,2
701,B-26038,2024-10-08,2024-10,568,9,3,13,4963,1254,15
702,B-26017,2022-04-16,2022-04,459,2,5,13,5379,2510,17
703,B-26367,2021-12-25,2021-12,562,3,5,13,7105,2782,19
704,B-25681,2022-05-17,2022-05,692,4,5,13,3854,245,19
705,B-25326,2022-05-16,2022-05,54,5,5,13,5578,277,16
706,B-26743,2023-08-21,2023-08,229,8,5,13,7684,1157,12
707,B-26366,2021-05-16,2021-05,526,10,5,13,4706,594,11
708,B-26986,2025-03-08,2025-03,334,11,5,13,7900,482,4
709,B-26580,2020-10-21,2020-10,419,12,5,13,4007,201,13
710,B-26752,2022-08-12,2022-08,662,2,2,13,8422,893,18
711,B-25394,2022-01-15,2022-01,20,3,2,13,3686,760,20
712,B-26209,2024-03-17,2024-03,154,3,2,13,4404,858,17
713,B-26453,2023-01-17,2023-01,189,4,2,13,1231,214,20
714,B-25935,2020-09-09,2020-09,637,4,2,13,3482,1554,15
715,B-25630,2022-07-26,2022-07,738,4,2,13,5951,936,6
716,B-25486,2024-02-02,2024-02,193,6,2,13,4215,432,14
717,B-26353,2023-02-03,2023-02,563,6,2,13,5317,1345,18
718,B-26312,2021-09-15,2021-09,160,8,2,13,1760,619,16
719,B-26573,2020-04-16,2020-04,581,8,2,13,6783,3306,8
720,B-25842,2024-01-22,2024-01,256,9,2,13,514,109,15
721,B-26598,2022-02-22,2022-02,591,9,2,13,2636,88,11
722,B-26038,2024-10-08,2024-10,568,11,2,13,8400,267,5
723,B-25940,2025-01-25,2025-01,685,11,2,13,7566,606,6
724,B-26598,2022-02-22,2022-02,591,2,4,13,1093,397,17
725,B-26899,2022-08-08,2022-08,82,3,4,13,8903,4401,18
726,B-25591,2022-12-25,2022-12,298,4,4,13,7179,683,13
727,B-26672,2023-09-18,2023-09,146,7,4,13,1518,155,13
728,B-26279,2024-03-27,2024-03,623,7,4,13,3747,410,5
729,B-26209,2024-03-17,2024-03,154,8,4,13,8776,2529,15
730,B-25591,2022-12-25,2022-12,298,8,4,13,7346,1043,10
731,B-26409,2021-12-28,2021-12,368,8,4,13,3024,1353,1
732,B-26565,2020-08-10,2020-08,756,9,4,13,9873,4585,7
733,B-25868,2024-08-31,2024-08,473,10,4,13,2944,249,5
734,B-26752,2022-08-12,2022-08,662,12,4,13,6105,1447,8
735,B-25976,2024-03-15,2024-03,601,1,1,6,4307,615,3
736,B-25873,2024-06-15,2024-06,705,1,1,6,2684,713,2
737,B-26613,2022-06-18,2022-06,150,2,1,6,2701,322,11
738,B-25655,2022-03-28,2022-03,236,4,1,6,4099,52,18
739,B-26740,2025-01-30,2025-01,559,4,1,6,3067,1475,8
740,B-25890,2023-11-12,2023-11,7,6,1,6,2516,734,19
741,B-25872,2020-04-13,2020-04,46,7,1,6,3808,1192,4
742,B-26587,2021-05-07,2021-05,354,8,1,6,8982,448,17
743,B-25488,2024-10-05,2024-10,402,8,1,6,1388,345,5
744,B-25465,2024-11-24,2024-11,444,8,1,6,508,177,17
745,B-25552,2023-02-28,2023-02,394,10,1,6,1732,766,7
746,B-26837,2021-07-08,2021-07,162,12,1,6,1486,114,7
747,B-26675,2024-06-15,2024-06,779,1,3,6,6499,2189,18
748,B-25036,2021-04-19,2021-04,606,2,3,6,2737,1253,3
749,B-25193,2023-06-05,2023-06,669,2,3,6,8974,4441,16
750,B-25502,2020-05-24,2020-05,515,3,3,6,8490,800,1
751,B-25832,2025-02-24,2025-02,453,4,3,6,6129,2976,2
752,B-25976,2024-03-15,2024-03,601,6,3,6,5694,1134,5
753,B-25552,2023-02-28,2023-02,394,9,3,6,8788,3944,19
754,B-26522,2024-03-17,2024-03,691,12,3,6,5994,2826,9
755,B-25780,2022-05-15,2022-05,698,1,5,6,5335,322,15
756,B-25684,2020-04-29,2020-04,757,1,5,6,3560,1335,15
757,B-25283,2022-08-09,2022-08,376,8,5,6,5448,2204,5
758,B-25978,2024-04-10,2024-04,490,8,5,6,6622,2673,8
759,B-26613,2022-06-18,2022-06,150,9,5,6,7273,2702,18
760,B-25823,2022-09-29,2022-09,610,9,5,6,3228,476,9
761,B-26232,2021-12-17,2021-12,17,10,5,6,5219,1180,20
762,B-26033,2022-08-21,2022-08,458,11,5,6,6077,2378,18
763,B-25605,2023-07-28,2023-07,635,11,5,6,4026,163,6
764,B-26041,2021-10-06,2021-10,721,11,5,6,9498,256,12
765,B-25510,2021-03-03,2021-03,66,12,5,6,2478,92,12
766,B-25832,2025-02-24,2025-02,453,12,5,6,4395,1663,3
767,B-26740,2025-01-30,2025-01,559,2,2,6,9369,3297,6
768,B-26370,2024-07-31,2024-07,803,5,2,6,8825,3594,15
769,B-25038,2022-01-18,2022-01,145,6,2,6,738,342,2
770,B-26841,2020-09-12,2020-09,311,6,2,6,9827,4208,13
771,B-26794,2020-10-02,2020-10,428,6,2,6,2831,1289,12
772,B-26599,2020-09-08,2020-09,523,6,2,6,4015,1751,15
773,B-25566,2022-02-04,2022-02,557,6,2,6,3877,481,16
774,B-25022,2023-08-19,2023-08,787,8,2,6,6646,848,15
775,B-26587,2021-05-07,2021-05,354,9,2,6,4826,562,5
776,B-25120,2023-07-10,2023-07,399,11,2,6,7122,1836,6
777,B-26794,2020-10-02,2020-10,428,12,2,6,2137,638,12
778,B-26740,2025-01-30,2025-01,559,2,4,6,8680,4068,20
779,B-25102,2020-03-23,2020-03,8,3,4,6,2975,462,14
780,B-25872,2020-04-13,2020-04,46,3,4,6,2588,705,16
781,B-25880,2023-08-04,2023-08,174,3,4,6,907,391,9
782,B-26379,2020-09-01,2020-09,554,3,4,6,8681,2458,9
783,B-25138,2020-07-04,2020-07,582,3,4,6,1778,285,4
784,B-25488,2024-10-05,2024-10,402,4,4,6,8555,1638,8
785,B-25944,2021-08-24,2021-08,694,4,4,6,5954,2640,14
786,B-25889,2023-05-04,2023-05,777,4,4,6,7992,893,12
787,B-26797,2024-12-27,2024-12,130,5,4,6,2759,1149,6
788,B-25465,2024-11-24,2024-11,444,5,4,6,717,158,16
789,B-26457,2025-01-15,2025-01,471,5,4,6,5376,1928,7
790,B-25182,2021-12-07,2021-12,413,6,4,6,1397,686,11
791,B-25120,2023-07-10,2023-07,399,7,4,6,7327,2596,15
792,B-26841,2020-09-12,2020-09,311,8,4,6,8077,240,15
793,B-26837,2021-07-08,2021-07,162,9,4,6,869,373,14
794,B-25292,2021-12-31,2021-12,704,9,4,6,3189,1180,19
795,B-25154,2024-12-09,2024-12,342,10,4,6,3977,813,5
796,B-25905,2023-03-21,2023-03,790,11,4,6,8490,3485,3
797,B-25976,2020-11-10,2020-11,602,1,1,7,4307,615,3
798,B-25733,2020-09-04,2020-09,219,2,1,7,4569,1693,10
799,B-25238,2023-11-09,2023-11,10,3,1,7,7600,1098,10
800,B-26916,2022-10-21,2022-10,323,3,1,7,916,362,7
801,B-25695,2022-06-08,2022-06,166,4,1,7,1239,575,17
802,B-26916,2022-10-21,2022-10,323,6,1,7,7846,677,12
803,B-26684,2022-12-12,2022-12,369,7,1,7,7434,2851,5
804,B-25603,2024-11-14,2024-11,772,7,1,7,9272,1771,19
805,B-26916,2022-10-21,2022-10,323,8,1,7,1165,302,20
806,B-25901,2021-10-17,2021-10,102,9,1,7,9883,4812,16
807,B-25901,2021-10-17,2021-10,102,9,1,7,5210,1185,7
808,B-26122,2020-09-08,2020-09,497,9,1,7,4116,921,20
809,B-26978,2025-03-07,2025-03,281,10,1,7,9776,3750,9
810,B-25953,2022-06-06,2022-06,347,10,1,7,6690,1001,19
811,B-26279,2020-07-12,2020-07,621,10,1,7,3194,534,4
812,B-26284,2020-11-27,2020-11,312,11,1,7,5152,2045,14
813,B-25768,2021-10-19,2021-10,578,12,1,7,5354,743,10
814,B-25695,2022-06-08,2022-06,166,1,3,7,1262,515,16
815,B-26792,2022-02-19,2022-02,341,3,3,7,3288,1477,3
816,B-25444,2024-02-11,2024-02,708,3,3,7,7626,229,5
817,B-25222,2023-09-07,2023-09,338,5,3,7,4852,218,2
818,B-25992,2021-05-27,2021-05,593,5,3,7,8572,2041,8
819,B-25992,2023-07-05,2023-07,594,5,3,7,8572,2041,8
820,B-25203,2022-10-04,2022-10,390,6,3,7,2321,505,6
821,B-25101,2023-11-25,2023-11,584,6,3,7,1638,661,13
822,B-25976,2020-11-10,2020-11,602,6,3,7,5694,1134,5
823,B-26724,2023-11-04,2023-11,614,6,3,7,9694,4361,1
824,B-26240,2021-07-09,2021-07,462,7,3,7,8042,936,15
825,B-25381,2024-03-21,2024-03,475,7,3,7,4220,945,13
826,B-26623,2025-02-01,2025-02,555,8,3,7,6195,1556,18
827,B-25742,2024-07-02,2024-07,566,9,3,7,8245,324,11
828,B-26245,2024-04-16,2024-04,640,9,3,7,4172,235,5
829,B-26939,2021-08-12,2021-08,110,12,3,7,9078,2213,15
830,B-26844,2022-08-30,2022-08,681,1,5,7,4163,897,14
831,B-25684,2023-03-16,2023-03,758,1,5,7,3560,1335,15
832,B-26571,2022-10-20,2022-10,121,2,5,7,9548,1806,9
833,B-26765,2023-01-06,2023-01,687,2,5,7,762,92,11
834,B-26845,2021-09-30,2021-09,272,3,5,7,7633,184,13
835,B-26059,2022-04-24,2022-04,224,4,5,7,4462,121,8
836,B-25545,2023-10-07,2023-10,212,6,5,7,3900,115,9
837,B-25238,2023-11-09,2023-11,10,9,5,7,7501,262,18
838,B-26571,2022-10-20,2022-10,121,9,5,7,7472,1037,3
839,B-25915,2021-09-09,2021-09,78,10,5,7,3433,1169,10
840,B-26059,2022-04-24,2022-04,224,11,5,7,6212,1881,17
841,B-26978,2025-03-07,2025-03,281,12,5,7,535,72,6
842,B-26292,2020-07-13,2020-07,508,3,2,7,4183,1159,4
843,B-26978,2025-03-07,2025-03,281,4,2,7,1108,167,18
844,B-26939,2021-08-12,2021-08,110,5,2,7,4920,775,12
845,B-26972,2022-04-19,2022-04,352,7,2,7,6956,318,20
846,B-25742,2024-07-02,2024-07,566,9,2,7,9565,1691,3
847,B-25915,2021-09-09,2021-09,78,10,2,7,3887,1490,1
848,B-26296,2022-01-20,2022-01,732,11,2,7,7644,2428,6
849,B-26185,2022-06-27,2022-06,47,1,4,7,1591,727,5
850,B-25106,2024-05-28,2024-05,671,1,4,7,851,356,11
851,B-25777,2022-01-20,2022-01,363,2,4,7,6236,2839,7
852,B-25992,2021-05-27,2021-05,593,2,4,7,8059,1834,10
853,B-25992,2023-07-05,2023-07,594,2,4,7,8059,1834,10
854,B-25856,2023-02-28,2023-02,81,3,4,7,3731,647,1
855,B-25044,2024-04-16,2024-04,206,3,4,7,9849,963,1
856,B-25706,2022-12-08,2022-12,729,4,4,7,7259,1969,10
857,B-25856,2023-02-28,2023-02,81,6,4,7,3428,350,1
858,B-26065,2024-08-09,2024-08,243,6,4,7,7930,1981,13
859,B-26279,2020-07-12,2020-07,621,7,4,7,3747,410,5
860,B-25044,2024-04-16,2024-04,206,9,4,7,2493,1221,9
861,B-25856,2023-02-28,2023-02,81,10,4,7,7223,2433,12
862,B-25929,2022-07-23,2022-07,603,10,4,7,962,298,18
863,B-25106,2024-05-28,2024-05,671,11,4,7,9090,3098,16
864,B-25953,2022-06-06,2022-06,347,12,4,7,4985,1920,10
865,B-25902,2020-08-11,2020-08,632,1,1,15,7493,96,3
866,B-25715,2022-04-15,2022-04,628,5,1,15,2586,800,16
867,B-26259,2022-03-29,2022-03,50,6,1,15,1757,622,10
868,B-25166,2023-02-23,2023-02,359,6,1,15,1133,73,17
869,B-25809,2022-03-08,2022-03,406,6,1,15,9916,4602,14
870,B-26679,2020-12-15,2020-12,319,7,1,15,8102,1800,5
871,B-26366,2021-08-21,2021-08,525,7,1,15,6584,371,6
872,B-25465,2022-03-23,2022-03,441,8,1,15,508,177,17
873,B-25715,2022-04-15,2022-04,628,9,1,15,3757,1626,9
874,B-25342,2024-12-06,2024-12,119,10,1,15,949,301,9
875,B-25730,2022-01-05,2022-01,26,11,1,15,2863,205,17
876,B-25809,2022-03-08,2022-03,406,11,1,15,2685,379,18
877,B-26837,2020-04-08,2020-04,163,12,1,15,1486,114,7
878,B-25541,2023-05-04,2023-05,540,12,1,15,2401,1163,10
879,B-26698,2023-09-20,2023-09,104,2,3,15,1860,457,13
880,B-26383,2023-05-19,2023-05,533,2,3,15,7967,2504,13
881,B-26076,2024-09-24,2024-09,45,3,3,15,8639,3104,19
882,B-25819,2024-10-05,2024-10,482,3,3,15,2589,605,11
883,B-25496,2022-04-19,2022-04,654,3,3,15,3095,941,2
884,B-26299,2023-03-01,2023-03,226,4,3,15,1676,330,14
885,B-25228,2021-05-27,2021-05,469,4,3,15,6061,2121,19
886,B-25870,2021-05-28,2021-05,740,4,3,15,5557,2114,17
887,B-25342,2024-12-06,2024-12,119,5,3,15,4364,831,2
888,B-26679,2020-12-15,2020-12,319,5,3,15,3234,1274,10
889,B-25884,2021-05-18,2021-05,73,6,3,15,9035,1227,14
890,B-26245,2021-06-02,2021-06,638,9,3,15,4172,235,5
891,B-25342,2024-12-06,2024-12,119,10,3,15,6823,771,6
892,B-25501,2025-02-24,2025-02,702,10,3,15,9874,3895,4
893,B-26820,2025-02-26,2025-02,485,12,3,15,5402,1666,12
894,B-25192,2020-12-17,2020-12,680,12,3,15,3309,177,13
895,B-26844,2025-02-27,2025-02,682,1,5,15,4163,897,14
896,B-26120,2020-07-04,2020-07,762,3,5,15,2101,287,8
897,B-25526,2022-07-16,2022-07,184,6,5,15,2666,559,14
898,B-25738,2021-05-15,2021-05,726,7,5,15,9909,2999,18
899,B-26026,2024-12-12,2024-12,38,8,5,15,7355,1034,3
900,B-26528,2021-10-23,2021-10,450,8,5,15,2663,64,19
901,B-25346,2021-03-12,2021-03,642,8,5,15,6265,155,8
902,B-25730,2022-01-05,2022-01,26,10,5,15,8293,2632,8
903,B-26366,2021-08-21,2021-08,525,10,5,15,4706,594,11
904,B-25510,2023-04-24,2023-04,68,12,5,15,2478,92,12
905,B-26299,2023-03-01,2023-03,226,12,5,15,3927,1133,12
906,B-25166,2023-02-23,2023-02,359,12,5,15,6248,1168,19
907,B-25861,2022-03-28,2022-03,132,1,2,15,9851,2669,19
908,B-25665,2021-07-12,2021-07,796,1,2,15,8962,2444,18
909,B-26026,2024-12-12,2024-12,38,3,2,15,1603,361,10
910,B-26969,2024-03-02,2024-03,158,3,2,15,8856,2020,9
911,B-26965,2022-01-18,2022-01,567,4,2,15,1592,480,13
912,B-25861,2022-03-28,2022-03,132,5,2,15,9989,3930,14
913,B-25715,2022-04-15,2022-04,628,5,2,15,6089,139,19
914,B-25809,2022-03-08,2022-03,406,7,2,15,4548,2135,8
915,B-26026,2024-12-12,2024-12,38,9,2,15,953,93,2
916,B-26425,2024-05-01,2024-05,191,10,2,15,6891,2529,3
917,B-26076,2024-09-24,2024-09,45,11,2,15,2750,1239,11
918,B-26299,2023-03-01,2023-03,226,11,2,15,2776,887,9
919,B-26383,2023-05-19,2023-05,533,11,2,15,798,308,10
920,B-25541,2023-05-04,2023-05,540,11,2,15,1045,267,11
921,B-25809,2022-03-08,2022-03,406,1,4,15,6184,50,14
922,B-25884,2021-05-18,2021-05,73,2,4,15,9538,3158,20
923,B-26964,2024-08-29,2024-08,221,3,4,15,3522,898,15
924,B-25010,2021-03-21,2021-03,775,3,4,15,7870,1057,15
925,B-25889,2024-09-13,2024-09,776,4,4,15,7992,893,12
926,B-25465,2022-03-23,2022-03,441,5,4,15,717,158,16
927,B-26065,2023-05-04,2023-05,242,6,4,15,7930,1981,13
928,B-26610,2022-03-22,2022-03,153,7,4,15,4957,1152,8
929,B-26969,2024-03-02,2024-03,158,7,4,15,3348,568,5
930,B-26219,2022-10-20,2022-10,267,7,4,15,9386,2555,20
931,B-25456,2025-02-04,2025-02,385,8,4,15,5632,2358,20
932,B-26837,2020-04-08,2020-04,163,9,4,15,869,373,14
933,B-26026,2024-12-12,2024-12,38,11,4,15,1843,248,3
934,B-26878,2022-09-03,2022-09,517,11,4,15,1078,309,3
935,B-26470,2024-12-27,2024-12,29,2,1,10,9683,1014,5
936,B-26023,2020-09-26,2020-09,168,2,1,10,1518,159,19
937,B-26975,2024-06-23,2024-06,194,3,1,10,1755,495,18
938,B-25999,2025-03-01,2025-03,649,3,1,10,2740,558,8
939,B-25560,2023-07-13,2023-07,43,5,1,10,7533,3508,12
940,B-26464,2021-12-12,2021-12,61,5,1,10,8797,1010,8
941,B-25266,2023-12-04,2023-12,375,5,1,10,5389,2196,5
942,B-26537,2023-12-21,2023-12,491,5,1,10,3260,207,17
943,B-26309,2024-05-20,2024-05,766,5,1,10,6672,3319,4
944,B-25099,2021-12-22,2021-12,273,6,1,10,7957,2834,12
945,B-25166,2024-06-06,2024-06,360,6,1,10,1133,73,17
946,B-26510,2024-01-23,2024-01,13,9,1,10,1629,265,1
947,B-25232,2024-01-19,2024-01,297,9,1,10,7792,1403,13
948,B-25495,2022-10-12,2022-10,386,9,1,10,7519,402,14
949,B-25424,2020-09-15,2020-09,188,10,1,10,5635,318,17
950,B-26975,2024-06-23,2024-06,194,1,3,10,8020,3898,20
951,B-25424,2020-09-15,2020-09,188,3,3,10,1574,258,17
952,B-26656,2020-05-23,2020-05,500,3,3,10,3573,562,7
953,B-26464,2021-12-12,2021-12,61,4,3,10,5704,714,13
954,B-25228,2022-01-17,2022-01,470,4,3,10,6061,2121,19
955,B-26470,2024-12-27,2024-12,29,5,3,10,3090,573,6
956,B-25099,2021-12-22,2021-12,273,5,3,10,4492,1450,7
957,B-25992,2020-10-27,2020-10,595,5,3,10,8572,2041,8
958,B-26167,2024-04-13,2024-04,351,6,3,10,5343,655,1
959,B-26572,2022-08-20,2022-08,276,7,3,10,1818,738,11
960,B-26926,2023-04-02,2023-04,460,7,3,10,4629,1660,16
961,B-25986,2021-06-11,2021-06,736,8,3,10,1314,457,8
962,B-26656,2020-05-23,2020-05,500,11,3,10,8055,661,10
963,B-25612,2023-10-17,2023-10,634,11,3,10,7163,1536,1
964,B-26572,2022-08-20,2022-08,276,12,3,10,5911,2333,14
965,B-25317,2020-06-21,2020-06,569,2,5,10,2472,211,5
966,B-25099,2021-12-22,2021-12,273,3,5,10,975,224,18
967,B-25267,2022-08-21,2022-08,244,5,5,10,4534,2235,4
968,B-25888,2024-10-31,2024-10,549,6,5,10,8858,3394,6
969,B-25436,2022-10-07,2022-10,783,7,5,10,8044,3634,3
970,B-25104,2020-11-28,2020-11,14,10,5,10,2939,894,20
971,B-25915,2021-09-08,2021-09,79,10,5,10,3433,1169,10
972,B-25267,2022-08-21,2022-08,244,10,5,10,9894,829,1
973,B-25266,2023-12-04,2023-12,375,11,5,10,4164,905,11
974,B-25166,2024-06-06,2024-06,360,12,5,10,6248,1168,19
975,B-26112,2022-01-19,2022-01,734,12,5,10,1476,247,5
976,B-25560,2023-07-13,2023-07,43,1,2,10,4074,1175,6
977,B-25495,2022-10-12,2022-10,386,1,2,10,1564,674,13
978,B-25979,2022-05-13,2022-05,331,2,2,10,9562,325,2
979,B-26443,2023-03-21,2023-03,528,2,2,10,9869,4299,12
980,B-25006,2024-07-18,2024-07,504,3,2,10,5831,1574,17
981,B-26168,2025-01-14,2025-01,781,3,2,10,8848,2090,9
982,B-26464,2021-12-12,2021-12,61,4,2,10,9236,2899,5
983,B-25919,2020-09-30,2020-09,278,4,2,10,2670,1026,1
984,B-25232,2024-01-19,2024-01,297,6,2,10,2346,388,14
985,B-25424,2020-09-15,2020-09,188,8,2,10,6515,961,11
986,B-26961,2021-10-29,2021-10,630,8,2,10,5193,2530,5
987,B-25104,2020-11-28,2020-11,14,10,2,10,8971,2971,19
988,B-25915,2021-09-08,2021-09,79,10,2,10,3887,1490,1
989,B-25940,2025-02-14,2025-02,686,11,2,10,7566,606,6
990,B-25966,2021-03-01,2021-03,801,12,2,10,6093,3042,9
991,B-25992,2020-10-27,2020-10,595,2,4,10,8059,1834,10
992,B-26393,2022-08-19,2022-08,752,2,4,10,2258,135,18
993,B-25437,2021-07-25,2021-07,333,4,4,10,4688,1841,3
994,B-25363,2023-05-10,2023-05,611,4,4,10,3918,749,8
995,B-25030,2022-09-12,2022-09,664,4,4,10,4057,1012,6
996,B-25329,2024-02-28,2024-02,411,5,4,10,5412,1192,18
997,B-25999,2025-03-01,2025-03,649,6,4,10,7895,1005,1
998,B-26219,2020-08-19,2020-08,266,7,4,10,9386,2555,20
999,B-25774,2021-05-27,2021-05,574,7,4,10,8861,3381,19
1000,B-25560,2023-07-13,2023-07,43,8,4,10,2334,484,3
1001,B-25898,2022-06-09,2022-06,761,8,4,10,7091,2317,10
1002,B-25919,2020-09-30,2020-09,278,9,4,10,2140,970,4
1003,B-25560,2023-07-13,2023-07,43,10,4,10,4734,1178,16
1004,B-25555,2023-07-03,2023-07,22,11,4,10,4051,1848,12
1005,B-26191,2020-06-21,2020-06,345,11,4,10,8994,1481,15
1006,B-25555,2023-07-03,2023-07,22,12,4,10,5011,866,11
1007,B-26975,2024-06-23,2024-06,194,12,4,10,622,218,19
1008,B-26470,2021-06-18,2021-06,30,2,1,14,9683,1014,5
1009,B-26796,2023-08-12,2023-08,710,2,1,14,6669,3063,19
1010,B-25999,2023-10-28,2023-10,648,3,1,14,2740,558,8
1011,B-25548,2024-02-07,2024-02,746,4,1,14,8851,999,12
1012,B-25715,2020-12-31,2020-12,627,5,1,14,2586,800,16
1013,B-25897,2021-03-07,2021-03,454,6,1,14,5393,2642,8
1014,B-26319,2020-05-02,2020-05,233,7,1,14,6381,2763,20
1015,B-25387,2020-07-06,2020-07,679,7,1,14,9775,4507,5
1016,B-25715,2020-12-31,2020-12,627,9,1,14,3757,1626,9
1017,B-26789,2024-05-21,2024-05,767,10,1,14,4699,103,12
1018,B-25851,2024-03-30,2024-03,258,11,1,14,3273,85,16
1019,B-26319,2020-05-02,2020-05,233,1,3,14,7748,1706,16
1020,B-26932,2022-07-15,2022-07,203,3,3,14,736,286,12
1021,B-26668,2022-05-06,2022-05,355,3,3,14,972,106,15
1022,B-26470,2021-06-18,2021-06,30,5,3,14,3090,573,6
1023,B-25988,2022-09-19,2022-09,33,5,3,14,2463,648,18
1024,B-26932,2022-07-15,2022-07,203,5,3,14,4364,148,18
1025,B-26726,2021-11-29,2021-11,371,5,3,14,3176,586,9
1026,B-25369,2020-05-24,2020-05,432,6,3,14,3760,1849,19
1027,B-25369,2021-11-16,2021-11,434,6,3,14,3760,1849,19
1028,B-25024,2025-01-15,2025-01,560,7,3,14,9002,4197,2
1029,B-25564,2021-11-12,2021-11,598,9,3,14,2451,342,8
1030,B-26898,2022-04-11,2022-04,175,12,3,14,1931,551,3
1031,B-25894,2023-03-21,2023-03,157,1,5,14,6379,3128,15
1032,B-25894,2023-03-21,2023-03,157,4,5,14,8200,257,19
1033,B-26489,2023-10-27,2023-10,198,4,5,14,2791,894,14
1034,B-26817,2020-10-11,2020-10,688,4,5,14,3316,126,6
1035,B-26456,2024-03-30,2024-03,619,5,5,14,5954,2618,11
1036,B-25303,2023-03-04,2023-03,90,8,5,14,770,241,11
1037,B-25346,2022-08-23,2022-08,641,8,5,14,6265,155,8
1038,B-25990,2022-12-25,2022-12,335,9,5,14,1091,277,6
1039,B-25237,2022-03-17,2022-03,494,10,5,14,5250,187,1
1040,B-25990,2022-12-25,2022-12,335,12,5,14,6967,3257,17
1041,B-26678,2021-06-11,2021-06,303,1,2,14,6934,1226,1
1042,B-26726,2021-11-29,2021-11,371,1,2,14,7213,508,19
1043,B-25715,2020-12-31,2020-12,627,5,2,14,6089,139,19
1044,B-26912,2020-12-27,2020-12,666,5,2,14,8752,1686,9
1045,B-26257,2020-04-19,2020-04,771,5,2,14,5460,2088,14
1046,B-25038,2023-04-28,2023-04,142,6,2,14,738,342,2
1047,B-25038,2024-05-14,2024-05,144,6,2,14,738,342,2
1048,B-26489,2023-10-27,2023-10,198,6,2,14,8943,3121,17
1049,B-26489,2023-10-27,2023-10,198,8,2,14,6223,1478,3
1050,B-26628,2020-04-05,2020-04,754,8,2,14,9609,4339,3
1051,B-26420,2025-01-06,2025-01,769,8,2,14,4897,1001,14
1052,B-25065,2023-05-03,2023-05,456,9,2,14,6596,1439,9
1053,B-26805,2023-06-15,2023-06,248,11,2,14,7664,1753,19
1054,B-26505,2020-09-21,2020-09,575,11,2,14,8158,2052,13
1055,B-26185,2022-02-23,2022-02,49,1,4,14,1591,727,5
1056,B-26898,2022-04-11,2022-04,175,1,4,14,8541,2029,12
1057,B-26137,2021-11-13,2021-11,211,2,4,14,3423,804,4
1058,B-26898,2022-04-11,2022-04,175,3,4,14,2174,265,19
1059,B-25369,2020-05-24,2020-05,432,4,4,14,1579,602,9
1060,B-25369,2021-11-16,2021-11,434,4,4,14,1579,602,9
1061,B-25999,2023-10-28,2023-10,648,6,4,14,7895,1005,1
1062,B-25537,2022-05-06,2022-05,711,7,4,14,6123,1686,3
1063,B-25894,2023-03-21,2023-03,157,8,4,14,9316,3003,13
1064,B-25990,2022-12-25,2022-12,335,10,4,14,6027,1530,2
1065,B-25555,2021-05-08,2021-05,23,11,4,14,4051,1848,12
1066,B-26489,2023-10-27,2023-10,198,11,4,14,3297,102,12
1067,B-26319,2020-05-02,2020-05,233,11,4,14,992,64,6
1068,B-25555,2021-05-08,2021-05,23,12,4,14,5011,866,11
1069,B-26470,2023-05-27,2023-05,31,2,1,11,9683,1014,5
1070,B-25701,2023-09-13,2023-09,171,3,1,11,1167,463,5
1071,B-26464,2022-02-03,2022-02,60,5,1,11,8797,1010,8
1072,B-25701,2023-09-13,2023-09,171,5,1,11,5680,2159,19
1073,B-25996,2020-12-23,2020-12,538,5,1,11,714,232,14
1074,B-26712,2021-12-01,2021-12,535,7,1,11,5196,2477,1
1075,B-25916,2024-04-29,2024-04,84,8,1,11,5846,586,18
1076,B-25936,2022-04-15,2022-04,70,10,1,11,9619,3420,7
1077,B-25916,2024-04-29,2024-04,84,11,1,11,6009,2107,7
1078,B-26703,2022-01-23,2022-01,16,1,3,11,4206,1821,17
1079,B-25698,2022-11-13,2022-11,483,1,3,11,3776,1100,9
1080,B-26792,2024-05-26,2024-05,340,3,3,11,3288,1477,3
1081,B-25496,2022-08-11,2022-08,655,3,3,11,3095,941,2
1082,B-26464,2022-02-03,2022-02,60,4,3,11,5704,714,13
1083,B-25843,2023-12-07,2023-12,192,4,3,11,7524,2308,15
1084,B-26603,2022-03-17,2022-03,750,4,3,11,5944,2661,7
1085,B-25815,2022-05-14,2022-05,786,4,3,11,8531,2555,4
1086,B-26470,2023-05-27,2023-05,31,5,3,11,3090,573,6
1087,B-26945,2022-12-21,2022-12,291,7,3,11,2054,371,12
1088,B-25532,2023-01-26,2023-01,596,8,3,11,3661,436,13
1089,B-26922,2022-04-30,2022-04,464,10,3,11,3957,151,10
1090,B-26298,2022-12-15,2022-12,805,11,3,11,2082,642,8
1091,B-25703,2023-10-29,2023-10,405,1,5,11,9438,1801,4
1092,B-25762,2024-05-24,2024-05,427,1,5,11,2858,482,13
1093,B-26924,2021-02-28,2021-02,539,3,5,11,1083,501,6
1094,B-26035,2021-12-31,2021-12,176,4,5,11,2404,253,15
1095,B-26489,2022-10-08,2022-10,197,4,5,11,2791,894,14
1096,B-26735,2022-01-25,2022-01,605,4,5,11,2078,612,6
1097,B-26734,2023-11-28,2023-11,717,5,5,11,847,355,17
1098,B-25738,2022-01-13,2022-01,727,7,5,11,9909,2999,18
1099,B-25303,2021-11-23,2021-11,89,8,5,11,770,241,11
1100,B-26145,2020-05-13,2020-05,393,8,5,11,7441,867,12
1101,B-26018,2024-07-04,2024-07,410,12,5,11,3098,957,18
1102,B-26035,2021-12-31,2021-12,176,1,2,11,1281,340,3
1103,B-26324,2023-08-31,2023-08,289,1,2,11,6355,1335,15
1104,B-26324,2021-06-06,2021-06,290,1,2,11,6355,1335,15
1105,B-25925,2022-01-11,2022-01,325,1,2,11,5266,1111,13
1106,B-25350,2023-09-23,2023-09,802,1,2,11,7699,246,5
1107,B-26945,2022-12-21,2022-12,291,2,2,11,7377,320,15
1108,B-25316,2022-11-03,2022-11,437,2,2,11,5462,673,12
1109,B-25198,2023-04-25,2023-04,742,2,2,11,9840,3870,11
1110,B-25936,2022-04-15,2022-04,70,3,2,11,9992,3696,20
1111,B-26464,2022-02-03,2022-02,60,4,2,11,9236,2899,5
1112,B-25881,2024-05-02,2024-05,492,5,2,11,8709,2322,8
1113,B-26489,2022-10-08,2022-10,197,6,2,11,8943,3121,17
1114,B-25410,2022-12-23,2022-12,58,8,2,11,1954,294,7
1115,B-26489,2022-10-08,2022-10,197,8,2,11,6223,1478,3
1116,B-25849,2021-10-26,2021-10,239,9,2,11,2901,1411,2
1117,B-26904,2024-05-08,2024-05,618,9,2,11,594,67,19
1118,B-25153,2023-03-21,2023-03,477,10,2,11,8526,1704,4
1119,B-26712,2021-12-01,2021-12,535,12,2,11,6586,1794,19
1120,B-26552,2022-02-06,2022-02,387,1,4,11,2804,936,10
1121,B-25328,2024-07-07,2024-07,579,1,4,11,8780,3430,4
1122,B-25328,2023-07-25,2023-07,580,1,4,11,8780,3430,4
1123,B-25843,2023-12-07,2023-12,192,2,4,11,6864,1824,14
1124,B-26137,2024-01-24,2024-01,209,2,4,11,3423,804,4
1125,B-25849,2021-10-26,2021-10,239,3,4,11,6934,1152,6
1126,B-25925,2022-01-11,2022-01,325,3,4,11,3022,384,1
1127,B-26268,2021-04-03,2021-04,382,3,4,11,4369,584,13
1128,B-26428,2022-01-02,2022-01,85,4,4,11,706,197,11
1129,B-25701,2023-09-13,2023-09,171,4,4,11,2841,803,20
1130,B-25916,2024-04-29,2024-04,84,5,4,11,2858,230,3
1131,B-25916,2024-04-29,2024-04,84,8,4,11,8175,525,7
1132,B-26489,2022-10-08,2022-10,197,11,4,11,3297,102,12
1133,B-25596,2021-09-14,2021-09,271,11,4,11,6707,1041,20
1134,B-25464,2020-10-23,2020-10,302,2,1,5,2504,440,18
1135,B-26586,2023-06-26,2023-06,309,2,1,5,2239,828,1
1136,B-25226,2024-04-23,2024-04,358,3,1,5,9808,2117,2
1137,B-25163,2025-01-11,2025-01,576,3,1,5,3411,1704,14
1138,B-25504,2023-08-20,2023-08,665,3,1,5,8178,2462,10
1139,B-25957,2025-02-02,2025-02,322,4,1,5,4470,413,13
1140,B-26739,2020-12-13,2020-12,791,5,1,5,2689,1330,3
1141,B-26747,2022-02-23,2022-02,103,8,1,5,576,76,13
1142,B-26122,2024-10-07,2024-10,496,9,1,5,4116,921,20
1143,B-25709,2021-08-19,2021-08,498,9,1,5,1109,418,15
1144,B-25830,2023-10-17,2023-10,425,10,1,5,3839,1415,10
1145,B-26279,2021-07-21,2021-07,625,10,1,5,3194,534,4
1146,B-25730,2023-08-21,2023-08,28,11,1,5,2863,205,17
1147,B-26284,2022-08-25,2022-08,313,11,1,5,5152,2045,14
1148,B-26872,2024-01-13,2024-01,739,11,1,5,992,177,6
1149,B-26332,2022-08-17,2022-08,88,12,1,5,7826,1221,14
1150,B-25789,2024-06-22,2024-06,507,12,1,5,3659,379,5
1151,B-25541,2020-04-22,2020-04,541,12,1,5,2401,1163,10
1152,B-26640,2022-11-18,2022-11,6,4,3,5,883,117,10
1153,B-26240,2022-04-08,2022-04,463,7,3,5,8042,936,15
1154,B-26872,2024-01-13,2024-01,739,7,3,5,4699,625,18
1155,B-26938,2023-12-27,2023-12,552,8,3,5,3281,471,7
1156,B-25949,2023-10-25,2023-10,457,9,3,5,4510,1896,5
1157,B-25564,2021-09-06,2021-09,597,9,3,5,2451,342,8
1158,B-26522,2024-03-12,2024-03,690,12,3,5,5994,2826,9
1159,B-25705,2021-04-27,2021-04,524,1,5,5,9335,557,11
1160,B-26332,2022-08-17,2022-08,88,5,5,5,9835,2571,16
1161,B-25464,2020-10-23,2020-10,302,6,5,5,6145,1414,4
1162,B-26026,2023-04-06,2023-04,39,8,5,5,7355,1034,3
1163,B-25573,2020-08-16,2020-08,177,8,5,5,2119,196,1
1164,B-25430,2021-06-27,2021-06,374,8,5,5,7169,2385,11
1165,B-25730,2023-08-21,2023-08,28,10,5,5,8293,2632,8
1166,B-26112,2023-11-18,2023-11,733,12,5,5,1476,247,5
1167,B-26026,2023-04-06,2023-04,39,3,2,5,1603,361,10
1168,B-26804,2021-01-03,2021-01,129,3,2,5,914,400,8
1169,B-26496,2024-07-09,2024-07,80,5,2,5,5301,817,10
1170,B-25660,2020-08-18,2020-08,56,6,2,5,7595,2873,4
1171,B-26026,2023-04-06,2023-04,39,9,2,5,953,93,2
1172,B-26496,2024-07-09,2024-07,80,9,2,5,1166,520,12
1173,B-26496,2024-07-09,2024-07,80,9,2,5,3196,1411,15
1174,B-25849,2023-01-11,2023-01,240,9,2,5,2901,1411,2
1175,B-25464,2020-10-23,2020-10,302,11,2,5,3124,138,16
1176,B-26586,2023-06-26,2023-06,309,11,2,5,2450,1002,4
1177,B-25541,2020-04-22,2020-04,541,11,2,5,1045,267,11
1178,B-25836,2021-06-17,2021-06,674,12,2,5,2695,914,15
1179,B-26747,2022-02-23,2022-02,103,2,4,5,3574,851,4
1180,B-26964,2022-01-14,2022-01,222,3,4,5,3522,898,15
1181,B-25849,2023-01-11,2023-01,240,3,4,5,6934,1152,6
1182,B-26640,2022-11-18,2022-11,6,5,4,5,8127,3551,16
1183,B-26397,2024-07-11,2024-07,320,5,4,5,6200,2321,18
1184,B-25329,2025-01-03,2025-01,412,5,4,5,5412,1192,18
1185,B-25383,2024-05-29,2024-05,365,6,4,5,5410,2456,8
1186,B-25430,2021-06-27,2021-06,374,6,4,5,4046,417,18
1187,B-26496,2024-07-09,2024-07,80,7,4,5,1801,641,20
1188,B-26332,2022-08-17,2022-08,88,7,4,5,9691,3056,13
1189,B-26279,2021-07-21,2021-07,625,7,4,5,3747,410,5
1190,B-26409,2024-05-02,2024-05,367,8,4,5,3024,1353,1
1191,B-25456,2021-05-03,2021-05,383,8,4,5,5632,2358,20
1192,B-26804,2021-01-03,2021-01,129,9,4,5,1548,666,3
1193,B-26083,2024-01-17,2024-01,712,9,4,5,3265,1390,16
1194,B-26026,2023-04-06,2023-04,39,11,4,5,1843,248,3
